Nom,Nom naturalesa,Adreça,Codi postal,Comarca,Codi comarca,Municipi,Codi municipi
SAGRAT COR-SARRIÀ,Privat,"C. Sagrat Cor, 25",8034,Barcelonès,13,Barcelona,8019
ESCOLA PIA D'IGUALADA,Privat,"Pl. Castells, 10",8700,Anoia,6,Igualada,8102
BETÀNIA-PATMOS,Privat,"Av. Mare de Déu de Lorda, 2-16",8034,Barcelonès,13,Barcelona,8019
"SUNION, INST.CULTURAL CATALANA",Privat,"Av. República Argentina, 85-89",8023,Barcelonès,13,Barcelona,8019
SANT IGNASI- SARRIÀ,Privat,"C. Carrasco i Formiguera, 32",8017,Barcelonès,13,Barcelona,8019
INST.ICÀRIA,Públic,"C. Doctor Trueta, 81",8005,Barcelonès,13,Barcelona,8019
ESCOLA PIA DE NOSTRA SENYORA,Privat,"C. Diputació, 275-277",8007,Barcelonès,13,Barcelona,8019
LA SALLE HORTA,Privat,"C. Doctor Letamendi, 63",8031,Barcelonès,13,Barcelona,8019
INST.BAIX MONTSENY,Públic,"Ctra. de Campins, s/n",8470,Vallès Oriental,41,Sant Celoni,8202
"CERVETO, ESCOLA",Privat,"C. Isabel de Villena, 43-45",8401,Vallès Oriental,508,Granollers,8096
XALOC,Privat,"C. de Can Tries, 4-6",8902,Barcelonès,13,L'Hospitalet de Llobregat,8101
INST.SANT RAMON,Públic,"Pl. de Les Fabricantes, 1",8261,Bages,7,Cardona,8047
CANIGÓ,Privat,"C. Císter, 23",8022,Barcelonès,13,Barcelona,8019
"BADALONÈS, COL.LEGI",Privat,"C. Arbres, 17",8912,Barcelonès,208,Badalona,8015
SAGRADA FAMÍLIA - ARQUIMIDES,Privat,"C. Arquímedes, 60-68",8030,Barcelonès,13,Barcelona,8019
VIARÓ,Privat,"Av. Alcalde Barnils, s/n",8190,Vallès Occidental,40,Sant Cugat del Vallès,8205
SAGRADA FAMÍLIA-GAVÀ,Privat,"Rbla.Pompeu Fabra,126-130(Apartat Pl.204",8850,Baix Llobregat,11,Gavà,8089
IPSE,Privat,"C. Casanova, 175",8036,Barcelonès,13,Barcelona,8019
INST.ELS TRES TURONS,Públic,"Ptge. Tres Turons, 1",8350,Maresme,21,Arenys de Mar,8006
CASA DEL ROURE,Privat,"C. Sant Pere  Claver, 12-18",8017,Barcelonès,13,Barcelona,8019
SANT JOSEP OBRER,Privat,"C. Covadonga, s/n",8906,Barcelonès,13,L'Hospitalet de Llobregat,8101
INST.MONTJUÏC,Públic,"C. Cisell, 19",8038,Barcelonès,13,Barcelona,8019
INST.JAUME BALMES,Públic,"C. Pau Claris, 121",8009,Barcelonès,13,Barcelona,8019
ESCOLA PIA DE SARRIA,Privat,"C. Immaculada, 25-35",8017,Barcelonès,13,Barcelona,8019
ESCOLA PIA SANT ANTONI,Privat,"Rda. Sant Pau, 72",8001,Barcelonès,13,Barcelona,8019
TECLA SALA,Privat,"C. Tecla Sala, 18",8901,Barcelonès,13,L'Hospitalet de Llobregat,8101
LA SALLE BONANOVA,Privat,"Pg. de la Bonanova, 8",8022,Barcelonès,13,Barcelona,8019
INST.MANOLO HUGUÉ,Públic,"C. Josep Germà, 2",8140,Vallès Oriental,41,Caldes de Montbui,8033
INST.CELESTÍ BELLERA,Públic,"C. Esteve Terrades, s/n",8402,Vallès Oriental,41,Granollers,8096
INSTITUCIO CULTURAL DEL CIC,Privat,"Via Augusta, 205",8021,Barcelonès,13,Barcelona,8019
CARDENAL SPíNOLA-ABAT OLIBA,Privat,"Av. Mare de Déu de Montserrat, 86",8024,Barcelonès,13,Barcelona,8019
INST.PAU CASALS,Públic,"Av. Lloreda, 16-32",8917,Barcelonès,13,Badalona,8015
INFANT JESÚS,Privat,"C. Avenir, 19",8006,Barcelonès,13,Barcelona,8019
INST.LA LLAUNA,Públic,"C. Sagunto, 5 (edifici la Llauna)",8912,Barcelonès,13,Badalona,8015
CLARET-BARCELONA,Privat,"Av. Sant Antoni Maria Claret, 49",8025,Barcelonès,13,Barcelona,8019
MARISTES CHAMPAGNAT,Privat,"C. Dos de Maig, 67",8912,Barcelonès,13,Badalona,8015
INST.FRANCISCO DE GOYA,Públic,"C. Garriga i Roca, 21",8041,Barcelonès,13,Barcelona,8019
"SANT JOAN BOSCO, COL·LEGI",Privat,"Pg. Vall d'Hebron, 258-260",8035,Barcelonès,13,Barcelona,8019
ESCOLA PIA BALMES,Privat,"C. Balmes, 208",8006,Barcelonès,13,Barcelona,8019
BIENAVENTURADA VIRGEN MARÍA,Privat,"C. Copèrnic, 55-59",8006,Barcelonès,13,Barcelona,8019
JESUS I MARIA - SANT GERVASI,Privat,"Pg. de Sant Gervasi, 15",8022,Barcelonès,13,Barcelona,8019
ESCORIAL,Privat,"C. Santa Joaquima de Vedruna, 6",8500,Osona,24,Vic,8298
SANT MIQUEL DELS SANTS,Privat,"C. Jaume I, 11",8500,Osona,24,Vic,8298
FREDERIC MISTRAL-TÈCNIC EULÀLI,Privat,"C. Lluís Muntadas, 3-5-7",8035,Barcelonès,13,Barcelona,8019
INST.ERNEST LLUCH,Públic,"C. Diputació, 15",8015,Barcelonès,13,Barcelona,8019
AGORA SANT CUGAT IS,Privat,"C. Ferrer i Guàrdia, s/n",8174,Vallès Occidental,40,Sant Cugat del Vallès,8205
INST.SECRETARI COLOMA,Públic,"C. Secretari Coloma, 25",8025,Barcelonès,13,Barcelona,8019
ESC.PROF.SALESIANA,Privat,"Pg. Sant Joan Bosco, 42",8017,Barcelonès,13,Barcelona,8019
INST.MERCÈ RODOREDA,Públic,"Rbla. Marina, 393",8907,Barcelonès,13,L'Hospitalet de Llobregat,8101
"MONTSERRAT, COL·LEGI",Privat,"Av. Vallvidrera, 68",8017,Barcelonès,13,Barcelona,8019
INST.JAUME CALLÍS,Públic,"Av. Olímpia, 2",8500,Osona,24,Vic,8298
SAGRADO CORAZÓN-EDUARDO CONDE,Privat,"C. Eduard Conde, 17-23",8034,Barcelonès,13,Barcelona,8019
INST.VALLDEMOSSA,Públic,"C. Pintor Alsamora, 7-9",8016,Barcelonès,13,Barcelona,8019
SEK-CATALUNYA,Privat,"Av. els Tremolencs, 24-26",8530,Vallès Oriental,41,La Garriga,8088
JESUÏTES CASP-SAGRATCORDEJESÚS,Privat,"C. Casp, 25",8010,Barcelonès,13,Barcelona,8019
IPSI(INST.PEDAG. SANT ISIDOR),Privat,"C. Comte Borrell, 243-249",8029,Barcelonès,13,Barcelona,8019
SANT GREGORI,Privat,"C. Carles Riba, 11-15",8035,Barcelonès,13,Barcelona,8019
SANTA TERESA - GANDUXER,Privat,"C. Ganduxer, 85-105",8022,Barcelonès,13,Barcelona,8019
PROA,Privat,"C. Almeria, 57",8014,Barcelonès,13,Barcelona,8019
INST.PAU VILA,Públic,"C. Viladomat, 118",8205,Vallès Occidental,40,Sabadell,8187
ESCOLA PIA DE VILANOVA I LA G.,Privat,"Rbla. Sama, 114-116",8800,Garraf,17,Vilanova i la Geltrú,8307
INST.M E.INTERMUN.DEL PENEDES,Públic,"Pl. Santiago Rusiñol, s/n",8770,Alt Penedès,3,Sant Sadurní d'Anoia,8240
TALLER GINEBRO,Privat,C. Joaquim Costa (Perllongament),8450,Vallès Oriental,41,Llinars del Vallès,8106
ESCOLA L'ESPERANÇA,Privat,"C. Quito, 25-37",8030,Barcelonès,13,Barcelona,8019
LA FARGA,Privat,"Ctra. de Sant Cugat a El Papiol, 36-46",8195,Vallès Occidental,40,Sant Cugat del Vallès,8205
SANT MIQUEL,Privat,"C. Rosselló, 175",8036,Barcelonès,13,Barcelona,8019
JOAN XXIII - HOSPITALET LL,Privat,"Av.Mare de Déu de Bellvitge,100-110",8907,Barcelonès,13,L'Hospitalet de Llobregat,8101
"PINEDA, CENTRE CULTURAL",Privat,"C. dels Joncs, 1",8905,Barcelonès,13,L'Hospitalet de Llobregat,8101
INST.MANUEL DE CABANYES,Públic,"Av. Francesc Macià, 110-114",8800,Garraf,17,Vilanova i la Geltrú,8307
LLOR,Privat,"C. Lluís Companys, 50",8830,Baix Llobregat,11,Sant Boi de Llobregat,8200
INST.MILA I FONTANALS-VILAFR.,Públic,"C. Torrelles de Foix, s/n",8720,Alt Penedès,3,Vilafranca del Penedès,8305
BELL-LLOC DEL PLA,Privat,"Can Pau Birol, 2-6",17005,Gironès,20,Girona,17079
MARISTES LES CORTS,Privat,"C. Vallespir, 160",8014,Barcelonès,13,Barcelona,8019
INST.JAUME VICENS VIVES,Públic,"C. Ferràndiz i de Bellés, s/n",17004,Gironès,20,Girona,17079
INST.ANTONI MARTÍ I FRANQUÈS,Públic,"C. Enric d'Ossó, 3",43005,Tarragonès,36,Tarragona,43148
INST.M MIQUEL BIADA,Públic,"C. Puig i Cadafalch, 89",8303,Maresme,21,Mataró,8121
PARE MANYANET,Privat,"Travessera de les Corts, 331",8029,Barcelonès,13,Barcelona,8019
BON SOLEIL,Privat,"Camí de la Pava, 15",8850,Baix Llobregat,11,Gavà,8089
"MONTAGUT, ESCOLA",Privat,"C. Amàlia Soler, 169",8720,Alt Penedès,3,Vilafranca del Penedès,8305
INST.ABAT OLIBA,Públic,"Ctra. Barcelona, 57",17500,Ripollès,31,Ripoll,17147
INST.JOAN GUINJOAN I GISPERT,Públic,"C. Baltasar de Todà i de Tàpies, s/n",43330,Baix Camp,8,Riudoms,43129
INST.LEONARDO DA VINCI,Públic,"Ctra. de Sant Cugat a Rubí, s/n",8190,Vallès Occidental,40,Sant Cugat del Vallès,8205
INST.LES MARINES,Públic,"Camí Ral de València, 12",8860,Baix Llobregat,11,Castelldefels,8056
INST.VALL D'ARUS,Públic,"C. Mestres Esquè i Artó, 2",8759,Baix Llobregat,11,Vallirana,8295
INST.MOIANES,Públic,"C. de l'Institut, 2",8180,Moianès,42,Moià,8138
MONTESSORI-PALAU,Privat,"C. Camí vell de Fornells, 33",17003,Gironès,20,Girona,17079
"MIREIA,C.E.",Privat,"C. Donya Amadea Mestre, s/n",8390,Maresme,21,Montgat,8126
"AULA, ESCUELA EUROPEA",Privat,"Av. Mare de Déu de Lorda, 34-36",8034,Barcelonès,13,Barcelona,8019
DAINA ISARD,Privat,"C. Cerdanya, 15",8640,Baix Llobregat,11,Olesa de Montserrat,8147
INST.JOAN MERCADER,Públic,"C. Sant Vicenç, 27",8700,Anoia,6,Igualada,8102
ESCOLA PIA DE GRANOLLERS,Privat,"Av. Sant Esteve, 14",8402,Vallès Oriental,41,Granollers,8096
VEDRUNA-SAGRAT COR,Privat,"C. Santa Joaquima de Vedruna, 10",43002,Tarragonès,36,Tarragona,43148
IMMACULADA CONCEPCIó-LLORET,Privat,"C. de Felip Gibert, 38",17310,Selva,34,Lloret de Mar,17095
INST.MARTÍ DOT,Públic,"C. Josep Teixidor, 2-12",8980,Baix Llobregat,11,Sant Feliu de Llobregat,8211
INST.FRANCESC RIBALTA,Públic,"C. Francesc  Ribalta, s/n",25280,Solsonès,35,Solsona,25207
INST.CASTELLÓ D'EMPÚRIES,Públic,"C. Santa Clara, 55",17486,Alt Empordà,2,Castelló d'Empúries,17047
INST.LA GARROTXA,Públic,"Ctra. de Riudaura, 110",17800,Garrotxa,19,Olot,17114
INST.PERE BORRELL,Públic,"C. Escoles Pies, 46",17520,Cerdanya,15,Puigcerdà,17141
"BON SALVADOR, COL.LEGI",Privat,"C. d'Armenteres, 15",8980,Baix Llobregat,11,Sant Feliu de Llobregat,8211
INST.CAN PUIG,Públic,"C. Joan Maragall, s/n",8810,Garraf,17,Sant Pere de Ribes,8231
INST.SANT JUST DESVERN,Públic,"Pg. de la Muntanya, s/n",8960,Baix Llobregat,11,Sant Just Desvern,8221
INST.PONTS,Públic,"Av. Pompeu Fabra, 59",25740,Noguera,23,Ponts,25172
"MONTSENY, CENTRE D'ESTUDIS",Privat,"C. Pallars, 402-416",8019,Barcelonès,13,Barcelona,8019
MESTRAL - SANT FELIU,Privat,"Ctra. Sanson, 81",8980,Baix Llobregat,11,Sant Feliu de Llobregat,8211
ATENEU INSTRUCTIU,Privat,"C. Francesc Macià, 57",8970,Baix Llobregat,11,Sant Joan Despí,8217
"LA MIRANDA, INSTITUCIO",Privat,"C. Dos de Maig, 7-11",8960,Baix Llobregat,11,Sant Just Desvern,8221
INST.GUISSONA,Públic,"C. Castanyers, 13",25210,Segarra,32,Guissona,25110
FRETA-CALELLA,Privat,"C. Costa i Fornaguera, 2-14",8370,Maresme,21,Calella,8035
INST.SALVADOR DALI,Públic,"Av. Pare Andreu de Palma de Mallorca,1-3",8820,Baix Llobregat,11,El Prat de Llobregat,8169
JESUÏTES GRÀCIA-KOSTKA,Privat,"C. Antequera, 2-4",8024,Barcelonès,13,Barcelona,8019
INST.LES CORTS,Públic,"Travessera de les Corts, 131-159",8028,Barcelonès,13,Barcelona,8019
SANT GABRIEL-TORROELLA,Privat,"Rda. Pau Casals, 121",17257,Baix Empordà,10,Torroella de Montgrí,17199
INST.ARNAU CADELL,Públic,"Av. Villadelprat, 91-93",8190,Vallès Occidental,40,Sant Cugat del Vallès,8205
"ISABEL DE VILLENA, ESCOLA",Privat,"C. Joan Miró, 41-43",8950,Baix Llobregat,11,Esplugues de Llobregat,8077
INST.GABRIEL FERRATER I SOLER,Públic,"Ctra. de Montblanc, 5-9",43206,Baix Camp,8,Reus,43123
"SANT GERVASI, ESCOLA",Privat,"C. Sabadell, 41",8100,Vallès Oriental,41,Mollet del Vallès,8124
"MERITXELL, ESCOLA",Privat,"C. Passet, 16",8304,Maresme,21,Mataró,8121
INST.PERE RIBOT,Públic,"C. Santa Eugènia, 62-72",8340,Maresme,21,Vilassar de Mar,8219
INST.PERE VIVES VICH,Públic,"Av. Emili Vallès, 17",8700,Anoia,6,Igualada,8102
INST.RAMON TURRO I DARDER,Públic,"Av. Tarragona, 4-12",8380,Maresme,21,Malgrat de Mar,8110
INST.BAIX PENEDÈS,Públic,"Av. Salvador Palau Rabassó, 1",43700,Baix Penedès,12,El Vendrell,43163
LA SALLE MANRESA,Privat,"C. Pau, s/n",8240,Bages,7,Manresa,8113
LA SALLE CONGRÉS,Privat,"C. Cardenal Tedeschini, 50",8027,Barcelonès,13,Barcelona,8019
TURÓ,Privat,"Ctra. de Reus, s/n",43120,Tarragonès,36,Constantí,43047
LA SALLE-REUS,Privat,"Pl. la Pastoreta, 10",43205,Baix Camp,8,Reus,43123
INST.MARIUS TORRES,Públic,"C. Narcís Monturiol, 2",25002,Segrià,33,Lleida,25120
SANT PETER'S SCHOOL,Privat,"C. Eduard Toldrà, 18",8034,Barcelonès,13,Barcelona,8019
SALESIANS SANT VICENC DELS HOR,Privat,"C. Rafael Casanova, 132",8620,Baix Llobregat,11,Sant Vicenç dels Horts,8263
INST.RAMON MUNTANER,Públic,"C. Sant Pau, s/n",17600,Alt Empordà,2,Figueres,17066
INST.ALELLA,Públic,"Av. del Bosquet, 7",8328,Maresme,21,Alella,8003
AURA,Privat,"Ctra. de Tarragona- Reus, s/n",43204,Baix Camp,8,Reus,43123
"JESÚS, MARIA I JOSEP",Privat,"C. Sant Sebastià, 55",8030,Barcelonès,13,Barcelona,8019
ESCOLA PIA SANTA ANNA MATARO,Privat,"Pl. Santa Anna, 1",8302,Maresme,21,Mataró,8121
SANT PAU,Privat,"Av. Pearson, 39-45",8034,Barcelonès,13,Barcelona,8019
SAGRADA FAMÍLIA COL DIOCESÀ,Privat,"C. Pujada al Seminari, 16",43500,Baix Ebre,9,Tortosa,43155
CLAVER,Privat,"Ctra. d'Osca, Km 17(finca Vallfonda)",25111,Segrià,33,Lleida,25120
INST.FLIX,Públic,"C. Salvador Espriu, 1",43750,Ribera d'Ebre,30,Flix,43060
MARISTES VALLDEMIA,Privat,"C. de la Riera, 124-182",8301,Maresme,21,Mataró,8121
INST.ARGENTONA,Públic,"C. Peons Caminers, 25",8310,Maresme,21,Argentona,8009
PALCAM,Privat,"C. Rosalía de Castro, 30-34",8025,Barcelonès,13,Barcelona,8019
INST.GORGS,Públic,"C. de l'Àliga, 65",8290,Vallès Occidental,40,Cerdanyola del Vallès,8266
INST.VILA DE GRÀCIA,Públic,"C. Riera de Sant Miquel, 58-62",8006,Barcelonès,13,Barcelona,8019
MARISTES LA IMMACULADA,Privat,"C. València, 370",8009,Barcelonès,13,Barcelona,8019
JOAN PELEGRÍ,Privat,"C. Consell de Cent,14",8014,Barcelonès,13,Barcelona,8019
"PEREZ IBORRA, ESCOLES",Privat,"C. Consell de Cent, 321-323",8007,Barcelonès,13,Barcelona,8019
VEDRUNA-GRÀCIA,Privat,"C. Gran de Gràcia, 228-240",8012,Barcelonès,13,Barcelona,8019
INST.LA POBLA DE SEGUR,Públic,"Av. Catalunya, 22",25500,Pallars Jussà,25,La Pobla de Segur,25171
INST.JOAN BOSCÀ,Públic,"Av. d'Esplugues, 40",8034,Barcelonès,13,Barcelona,8019
MADRES CONCEP.DE LA ENSEñANZA,Privat,"C. de la Torre, 19",8006,Barcelonès,13,Barcelona,8019
INST.LLUIS DOMENECH I M -CANET,Públic,"C. Francesc Cambó, 2",8360,Maresme,21,Canet de Mar,8040
INST.TERRA ALTA,Públic,"Ctra. de Vilalba, 30",43780,Terra Alta,37,Gandesa,43064
LESTONNAC - BARCELONA,Privat,"C. Pau Claris, 131",8009,Barcelonès,13,Barcelona,8019
INST.JOAQUIM BAU,Públic,"Av. Estadi, 14",43500,Baix Ebre,9,Tortosa,43155
INST.VALL D'HEBRON,Públic,"Pg. de la Vall d'Hebron, 93-95",8035,Barcelonès,13,Barcelona,8019
SAGRAT COR-DIPUTACIÓ,Privat,"C. Diputació, 326",8009,Barcelonès,13,Barcelona,8019
SANT JOSEP - SANT SADURNI,Privat,"C. Germans de Sant Gabriel, 2-7",8770,Alt Penedès,3,Sant Sadurní d'Anoia,8240
INST.BISBE SIVILLA,Públic,"C. Valldebanador, 39",8370,Maresme,21,Calella,8035
INST.JOAN BRUDIEU,Públic,"C. Dr. Iglesias Navarri, 27",25700,Alt Urgell,4,La Seu d'Urgell,25203
INST.LLUíS DOMENECH I MONTANER,Públic,"C. Maspujol, 21-23",43206,Baix Camp,8,Reus,43123
LA SALLE MONTCADA,Privat,"Pg. de la Salle, 1",8110,Vallès Occidental,40,Montcada i Reixac,8125
ESCOLA AUGUSTA,Privat,"C. Rector Ubach, 56-60",8021,Barcelonès,13,Barcelona,8019
STEL.LA,Privat,#N/A,#N/A,#N/A,#N/A,#N/A,#N/A
VIROLAI,Privat,"C. Ceuta, s/n",8032,Barcelonès,13,Barcelona,8019
MARE DE DÉU DELS ÀNGELS,Privat,"C. Sagrera, 80-82",8027,Barcelonès,13,Barcelona,8019
SANTA TERESA DE LISIEUX,Privat,"C. Déu i Mata, 67",8029,Barcelonès,13,Barcelona,8019
"HAMELIN, INTERNACIONAL LAIE",Privat,"Rda. 8 de març, 176-178-180",8390,Maresme,21,Montgat,8126
INST.JULIO ANTONIO,Públic,"C. Comarques Catalanes, 103",43740,Ribera d'Ebre,30,Móra d'Ebre,43093
MARE DÉU DEL CARME-TARRAGONA,Privat,"Av. Estanislau Figueres, 31",43002,Tarragonès,36,Tarragona,43148
INST.RAMON COLL I RODÉS,Públic,"C. Senyora de Rossell, 28-30",17310,Selva,34,Lloret de Mar,17095
INST.CIUTAT DE BALAGUER,Públic,"C. Urgell, 94",25600,Noguera,23,Balaguer,25040
INST.LA FERRERIA,Públic,"C. del Progrés, 3",8110,Vallès Occidental,40,Montcada i Reixac,8125
INST.SERRALLARGA,Públic,"C. Joan Benejam, 1",17300,Selva,34,Blanes,17023
INST.RONDA,Públic,"C. Henri Dunant, 3",25003,Segrià,33,Lleida,25120
ESCOLÀPIES LLURIA-BARCELONA,Privat,"C. Roger de Llúria, 64",8009,Barcelonès,13,Barcelona,8019
INST.ILLA DE RODES,Públic,"Ctra. de les Arenes, 57",17480,Alt Empordà,2,Roses,17152
INST.ALEXANDRE DEULOFEU,Públic,"C. Joaquim Cusí Fortunet, 3",17600,Alt Empordà,2,Figueres,17066
INST.FORT PIUS,Públic,"C. Ausias March, 78",8013,Barcelonès,13,Barcelona,8019
LA SALLE-TARRAGONA,Privat,"C. Sant Benilde, 15",43006,Tarragonès,36,Tarragona,43148
LA SALLE GIRONA,Privat,"C. Germà Agustí, 25",17244,Gironès,20,Cassà de la Selva,17044
"MIRASAN, COL.LEGI",Privat,"C. Sabadell, 13",25005,Segrià,33,Lleida,25120
INST.SAMUEL GILI I GAYA,Públic,"C. Ton Sirera, s/n",25002,Segrià,33,Lleida,25120
SAGRAT COR - EL VENDRELL,Privat,"Ctra. de Valls, 26",43700,Baix Penedès,12,El Vendrell,43163
SANTA TERESA DE JESÚS,Privat,"C. Llobregós, 130-132",8032,Barcelonès,13,Barcelona,8019
INST.MARTÍ L'HUMÀ,Públic,"Av. Dr. Folch, s/n",43400,Conca de Barberà,16,Montblanc,43086
LESTONNAC-L'ENSENYANÇA TARRAGO,Privat,"C. de l'Arc de Sant Llorenç, 2",43003,Tarragonès,36,Tarragona,43148
INST.CAMBRILS,Públic,"Pl. Ajuntament, 7",43850,Baix Camp,8,Cambrils,43038
INST.SERRA DE MARINA,Públic,"C. Mossèn Camil Rosell, 96-102",8921,Barcelonès,13,Santa Coloma de Gramenet,8245
INST.VALERIA PUJOL I BOSCH,Públic,"Pg. de Can Balet, s/n",8338,Maresme,21,Premià de Dalt,8230
EDUCEM II,Privat,"Pl. Maluquer i Salvador, 19",8401,Vallès Oriental,41,Granollers,8096
INST.NARCÍS OLLER,Públic,"C. Francesc Gumà Ferran, 1",43800,Alt Camp,1,Valls,43161
INST.LA SEGARRA,Públic,"C. President Macià, s/n",25200,Segarra,32,Cervera,25072
MONTCLAR,Privat,"Antiga Ctra. N-II, s/n",8719,Anoia,6,Jorba,8103
GARBI PERE VERGES-ESPLUGUES,Privat,"C. Sant Mateu, 34-38",8950,Baix Llobregat,11,Esplugues de Llobregat,8077
INST.CORBERA DE LLOBREGAT,Públic,"C. Andròmeda, 2",8757,Baix Llobregat,11,Corbera de Llobregat,8072
INST.SALVADOR VILASECA,Públic,"C. Misericòrdia, 12 bis",43205,Baix Camp,8,Reus,43123
VEDRUNA-BALAGUER,Privat,"C. Sanahuja, 39",25600,Noguera,23,Balaguer,25040
MARISTES MONTSERRAT,Privat,"Av. Catalunya, 3",25002,Segrià,33,Lleida,25120
INST.ANGELETA FERRER I SENSAT,Públic,"C. Granollers, 43",8190,Vallès Occidental,40,Sant Cugat del Vallès,8205
PADRE DAMIAN-SAGRADOS CORAZONE,Privat,"Av. Vallvidrera, 8-10-12-14",8017,Barcelonès,13,Barcelona,8019
INST.MONTGRÍ,Públic,"C. Santa Caterina, 137",17257,Baix Empordà,10,Torroella de Montgrí,17199
INST.ARRAONA,Públic,"C. Príncep de Viana, s/n",8207,Vallès Occidental,40,Sabadell,8187
EUROPA INTERNATIONAL SCHOOL,Privat,"C. Pla del Vinyet, s/n",8190,Vallès Occidental,40,Sant Cugat del Vallès,8205
VIRGEN DE LA SALUD,Privat,"Pl. de Catalunya, 8",8980,Baix Llobregat,11,Sant Feliu de Llobregat,8211
INST.RIBERA DEL SIÓ,Públic,"C. Petronel·la, 1",25310,Urgell,38,Agramunt,25003
INST.MANUEL CARRASCO I FORMIG.,Públic,"C. Santa Fe, 2",8031,Barcelonès,13,Barcelona,8019
DOLMEN,Privat,"C. Riera Blanca, 184-186",8902,Barcelonès,13,L'Hospitalet de Llobregat,8101
"JAUME VILADOMS, CE",Privat,"C. Pare Rodamilans, 98-104",8202,Vallès Occidental,40,Sabadell,8187
INST.MANUEL DE PEDROLO,Públic,"Av. Tarragona, 2",25300,Urgell,38,Tàrrega,25217
MESTRAL - JORBA,Privat,"Antiga Ctra. N-II, s/n",8719,Anoia,6,Jorba,8103
LA MERCE - MARTORELL,Privat,"C. Mur, 36, 38 i 40",8760,Baix Llobregat,11,Martorell,8114
ABAT OLIBA LORETO,Privat,"Av. Pearson, 22-26",8034,Barcelonès,13,Barcelona,8019
JOSEP TOUS,Privat,"C. Begur, 10-20",8028,Barcelonès,13,Barcelona,8019
GEM,Privat,"C. Ávila, 9-45",8304,Maresme,21,Mataró,8121
GARBI PERE VERGES-BADALONA,Privat,"Av. de les Palmeres, 5",8916,Barcelonès,13,Badalona,8015
INST.MENÉNDEZ Y PELAYO,Públic,"Via Augusta, 140",8006,Barcelonès,13,Barcelona,8019
INST.NARCÍS MONTURIOL - BCN,Públic,"C. Harmonia, s/n",8035,Barcelonès,13,Barcelona,8019
ESCOLA PIA DE SABADELL,Privat,"C. Escola Pia, 92",8201,Vallès Occidental,40,Sabadell,8187
ESCOLA PIA DE CALELLA,Privat,"C. Jovara, 39",8370,Maresme,21,Calella,8035
SANT MARC - SARRIÀ,Privat,"C. Carrasco i Formiguera, 6-16",8017,Barcelonès,13,Barcelona,8019
INST.EMPERADOR CARLES,Públic,"C. Enric Bargés, 9-13",8014,Barcelonès,13,Barcelona,8019
"LA VALL, COL·LEGI",Privat,"Ctra. Sabadell a Bellaterra, km. 4.600",8198,Vallès Occidental,40,Sabadell,8187
LA MERCED - BARCELONA,Privat,"C. Provença, 283",8037,Barcelonès,13,Barcelona,8019
LA SALLE GRÀCIA,Privat,"Pl. del Nord, 14",8024,Barcelonès,13,Barcelona,8019
SHALOM,Privat,"Rbla. de Catalunya, 83",8008,Barcelonès,13,Barcelona,8019
EL CLOT,Privat,"C. València, 680",8027,Barcelonès,13,Barcelona,8019
INST.LA SEDETA,Públic,"C. Indústria, 67-73",8025,Barcelonès,13,Barcelona,8019
INST.VIC,Públic,"Av. Sant Bernat Calbó, 8",8500,Osona,24,Vic,8298
INST.MEDITERRANIA-MASNOU,Públic,"C. Rosa Sensat, s/n",8320,Maresme,21,El Masnou,8118
NATZARET,Privat,"C. Milà i Pi, 29-31/Lluís Millet, s/n",8950,Baix Llobregat,11,Esplugues de Llobregat,8077
INST.LLUIS DE REQUESENS,Públic,"C. Felip Canalias, 19-23",8750,Baix Llobregat,11,Molins de Rei,8123
GRANES,Privat,"Ptge. de la Concepció, 15",8008,Barcelonès,13,Barcelona,8019
ESCOLA PIA DE TERRASSA,Privat,"C. Col·legi, 14-16",8221,Vallès Occidental,40,Terrassa,8279
INST.PIUS FONT I QUER,Públic,"C. Amadeu Vives, s/n",8240,Bages,7,Manresa,8113
INST.CRISTOFOL FERRER,Públic,"C. Rafael de Casanova, s/n",8330,Maresme,21,Premià de Mar,8172
INST.BALDIRI GUILERA,Públic,"C. Mestre Vigo Garreta, 1",8820,Baix Llobregat,11,El Prat de Llobregat,8169
SANT GABRIEL-VILADECANS,Privat,"Av. Germans Gabrielistes, 22",8840,Baix Llobregat,11,Viladecans,8301
INST.EUGENI D'ORS - VILAFRANCA,Públic,"Av. Tarragona, s/n",8720,Alt Penedès,3,Vilafranca del Penedès,8305
SANT JAUME DE LA FEP,Privat,"C. Santiago Apóstol, 36-38-40",8903,Barcelonès,13,L'Hospitalet de Llobregat,8101
INST.L'ALZINA,Públic,"Ptge. Salvador Riera, s/n",8027,Barcelonès,13,Barcelona,8019
INST.TOSSA DE MAR,Públic,"Av. Catalunya, s/n",17320,Selva,34,Tossa de Mar,17202
FEDAC-HORTA,Privat,"C. Campoamor, 49",8031,Barcelonès,13,Barcelona,8019
INST.ESCOLA DEL TREBALL-BCN,Públic,"C. Comte d'Urgell, 187",8036,Barcelonès,13,Barcelona,8019
INST.GABRIELA MISTRAL,Públic,"C. Osca, 95-105",8620,Baix Llobregat,11,Sant Vicenç dels Horts,8263
CORAZON INMACULADO DE MARIA,Privat,"Ctra. de Castellar, 2",8181,Vallès Occidental,40,Sentmenat,8267
SANT JOSEP - SANT BOI,Privat,"Av. Can Carreras, 16-18",8830,Baix Llobregat,11,Sant Boi de Llobregat,8200
INST.LES TERMES,Públic,"C. Illa Bella, 20",8204,Vallès Occidental,40,Sabadell,8187
INST.MONTSERRAT,Públic,"C. Copèrnic, 84",8006,Barcelonès,13,Barcelona,8019
INST.VILATZARA,Públic,"Av. Arquitecte Eduard Farrés, 101",8340,Maresme,21,Vilassar de Mar,8219
LESTONNAC - LLEIDA,Privat,"Av. Prat de la Riba, 38",25008,Segrià,33,Lleida,25120
VEDRUNA-MALGRAT DE MAR,Privat,"C. Mar, 30-32",8380,Maresme,21,Malgrat de Mar,8110
INST.LLUIS DE PEGUERA,Públic,"Pl. Espanya, 2",8240,Bages,7,Manresa,8113
SAGRADA FAMILIA - SABADELL,Privat,"C. Indústria, 9",8202,Vallès Occidental,40,Sabadell,8187
INST.JAUME ALMERA,Públic,"C. Rafart, 5",8339,Maresme,21,Vilassar de Dalt,8214
INST.COSTA I LLOBERA,Públic,"Camí de la Capella de Can Caralleu, s/n",8017,Barcelonès,13,Barcelona,8019
INST.BERNAT EL FERRER,Públic,"C. Ntra. Sra. de Lourdes, 34",8750,Baix Llobregat,11,Molins de Rei,8123
REIAL MONESTIR DE SANTA ISABEL,Privat,"C. Cardenal Setmenat, 1-5",8017,Barcelonès,13,Barcelona,8019
INST.JOSEP VALLVERDÚ,Públic,"C. Dr. Josep Trueta, s/n",25400,Garrigues,18,Les Borges Blanques,25058
INST.LES VINYES,Públic,"C. Amèrica, 53",8924,Barcelonès,13,Santa Coloma de Gramenet,8245
MONLAU,Privat,"C. Monlau, 2,4,6",8027,Barcelonès,13,Barcelona,8019
INST.JOAN MIRO-CORNELLA,Públic,"Av. Mare de Déu de Montserrat, s/n",8940,Baix Llobregat,11,Cornellà de Llobregat,8073
SANTO ANGEL - GAVÀ,Privat,"Av. de les Bòbiles, s/n",8850,Baix Llobregat,11,Gavà,8089
INST.CAN MAS,Públic,"C. Pau Casals, 102-104",8291,Vallès Occidental,40,Ripollet,8180
GRAVI,Privat,"Av. Vallcarca, 258",8023,Barcelonès,13,Barcelona,8019
VEDRUNA-PALAMóS,Privat,"C. Xaloc, 22",17230,Baix Empordà,10,Palamós,17118
INST.JOAN BROSSA,Públic,"Av. Mare de Déu de Montserrat, 78-84",8024,Barcelonès,13,Barcelona,8019
INST.RAMON BERENGUER IV-S.COL,Públic,"C. Ramon Berenguer, 157",8924,Barcelonès,13,Santa Coloma de Gramenet,8245
JAUME BALMES,Privat,"Travessia IndustRial, 161",8907,Barcelonès,13,L'Hospitalet de Llobregat,8101
INST.LLAVANERES,Públic,"Pg. del Perelló, 2",8392,Maresme,21,Sant Andreu de Llavaneres,8197
INST.DOMENEC PERRAMON,Públic,"paratge Torrent d'en Terra, s/n",8358,Maresme,21,Arenys de Munt,8007
INST.MANUEL BLANCAFORT,Públic,"Av. 11 de Setembre, s/n",8530,Vallès Oriental,41,La Garriga,8088
INST.REGUISSOL,Públic,"Pg. Reguissol, 1",8460,Vallès Oriental,41,Santa Maria de Palautordera,8259
INST.CREU DE SABA,Públic,"Av. de Francesc Macià, 193",8640,Baix Llobregat,11,Olesa de Montserrat,8147
ESCOLA PIA DE SITGES,Privat,"C. Hort Gran, 8",8870,Garraf,17,Sitges,8270
TERRAFERMA,Privat,"C. de Lleida, 270",25110,Segrià,33,Alpicat,25023
INST.VIL.LA ROMANA,Públic,"C. Santa Maria del Camí, s/n",8530,Vallès Oriental,41,La Garriga,8088
INST.PERE BARNILS,Públic,"Av. Pere Barnils, s/n",8540,Osona,24,Centelles,8067
ESCOLA PIA DE CALDES DE MONTB.,Privat,"C. Pare Poch, 15",8140,Vallès Oriental,41,Caldes de Montbui,8033
FERT,Privat,"C. Pomaret, 23",8017,Barcelonès,13,Barcelona,8019
INST.EUGENI XAMMAR,Públic,"Antic Camí de Bigues, s/n",8480,Vallès Oriental,41,L'Ametlla del Vallès,8005
PUIGCERVER,Privat,"C. Astorga, 13",43205,Baix Camp,8,Reus,43123
ARRELS II,Privat,"Av. Cardenal Tarancón, s/n",25280,Solsonès,35,Solsona,25207
INST.LA SERRETA,Públic,"C. Lepant, 1",8191,Vallès Occidental,40,Rubí,8184
INST.SA PALOMERA,Públic,"C. Vilar Petit, s/n",17300,Selva,34,Blanes,17023
INST.PERE ALSIUS I TORRENT,Públic,"C. Sardana, 17",17820,Pla de l'Estany,28,Banyoles,17015
INST.POETA MARAGALL,Públic,"C. Provença, 187",8036,Barcelonès,13,Barcelona,8019
INST.JOAN RAMON BENAPRÈS,Públic,"Camí de la Fita, s/n",8870,Garraf,17,Sitges,8270
INST.BOSC DE LA COMA,Públic,"C. Toledo, s/n",17800,Garrotxa,19,Olot,17114
INST.PLA DE L'ESTANY,Públic,"C. Jaume Farriol i Montserrat, 31",17820,Pla de l'Estany,28,Banyoles,17015
"EMPORDÀ, C.E. - SANT JOSEP",Privat,"C. Riera Ginjoler, 196",17480,Alt Empordà,2,Roses,17152
INST.M JUAN MANUEL ZAFRA,Públic,"C. Rogent, 51",8026,Barcelonès,13,Barcelona,8019
MATER SALVATORIS,Privat,"C. Partida Pla de Montsó, 30",25193,Segrià,33,Lleida,25120
INST.MONTSERRAT COLOMER,Públic,Av. de Josep Llobet/ Camí de Ca n'Amat,8635,Baix Llobregat,11,Sant Esteve Sesrovires,8208
INST.OLORDA,Públic,"C. Carles Buigas, s/n",8980,Baix Llobregat,11,Sant Feliu de Llobregat,8211
INST.JOAN FUSTER,Públic,"Pl. Ferran Reyes, 2-3",8027,Barcelonès,13,Barcelona,8019
SAGRADA FAMÍLIA-HORTA,Privat,"C. Peris Mencheta, 26-46",8032,Barcelonès,13,Barcelona,8019
"ROCA, C.E.",Privat,"Av. Meridiana, 237-243-253",8027,Barcelonès,13,Barcelona,8019
AMOR DE DIOS,Privat,"C. Teide, s/n",8031,Barcelonès,13,Barcelona,8019
INST.ARAN,Públic,"Ctra. de Betren, s/n",25530,Val d'Aran,39,Vielha e Mijaran,25243
STUCOM,Privat,"C. Pelai, 8",8001,Barcelonès,13,Barcelona,8019
INST.ISAAC ALBENIZ,Públic,"Parc Serentill, s/n",8915,Barcelonès,13,Badalona,8015
INST.BISBE BERENGUER,Públic,"C. Aprestadora, 49",8902,Barcelonès,13,L'Hospitalet de Llobregat,8101
INST.GUILLEM DE BERGUEDA,Públic,"Camí de Pedret, 2",8600,Berguedà,14,Berga,8022
INST.LA MALLOLA,Públic,"C. Andreu Amat, 11",8950,Baix Llobregat,11,Esplugues de Llobregat,8077
INST.JOSEP PLA,Públic,"C. Vall d'Ordesa, 24-34",8031,Barcelonès,13,Barcelona,8019
INST.JOAN COROMINES-PINEDA,Públic,"C. Extremadura, 27",8397,Maresme,21,Pineda de Mar,8163
INST.MANUEL DE MONTSUAR,Públic,"Partida de Montcada, 22",25196,Segrià,33,Lleida,25120
INST.PEDRAFORCA,Públic,"C. Enginyer Moncunill, 2",8905,Barcelonès,13,L'Hospitalet de Llobregat,8101
INST.MONTILIVI,Públic,"Av. Montilivi, 125",17003,Gironès,20,Girona,17079
INST.BRUGUERS,Públic,"C. Jaume I, 4",8850,Baix Llobregat,11,Gavà,8089
INST.ANTONI CUMELLA,Públic,"C. Roger de Flor, s/n",8401,Vallès Oriental,41,Granollers,8096
INST.CASTELLBISBAL,Públic,"Plaça Lluís Companys, 7",8755,Vallès Occidental,40,Castellbisbal,8054
MARE DE DEU DE L'ASSUMPCIO,Privat,"C. Sant Joan Evangelista, 22",8918,Barcelonès,13,Badalona,8015
CULTURAL,Privat,"Pl. Marquès de Barberà, 13",8911,Barcelonès,13,Badalona,8015
JESUS MARIA - MERIDIANA,Privat,"Av. Meridiana, 392-406",8030,Barcelonès,13,Barcelona,8019
INST.ESCOLA INDUSTRIAL,Públic,"C. Calderón, 56",8201,Vallès Occidental,40,Sabadell,8187
INST.JAUME HUGUET,Públic,"C. Creu de Cames, s/n",43800,Alt Camp,1,Valls,43161
ST. GEORGE'S SCHOOL,Privat,"C. Esperança, 13",8017,Barcelonès,13,Barcelona,8019
LLEÓ XIII,Privat,"C. Lleó XIII, 16-18-20",8022,Barcelonès,13,Barcelona,8019
INST.TECN ESPORT TERRES EBRE,Públic,"C. França, 19-21",43870,Montsià,22,Amposta,43014
INST.ESTELA IBÈRICA,Públic,"C. Passatge de mas Granollacs, s/n",8130,Vallès Occidental,40,Santa Perpètua de Mogoda,8260
INST.PRÍNCEP DE VIANA,Públic,"C. Torroella de Montgrí, 6-18",8027,Barcelonès,13,Barcelona,8019
INST.LA SERRA,Públic,"Av. Can Bordoll, 92-94",8201,Vallès Occidental,40,Sabadell,8187
INST.DAMIA CAMPENY,Públic,"Pl. dels Bous, 5",8301,Maresme,21,Mataró,8121
INST.XXV OLIMPÍADA,Públic,"C. Dàlia, s/n",8004,Barcelonès,13,Barcelona,8019
INST.SÒL DE RIU,Públic,"C. Joan Maragall, s/n",43530,Montsià,22,Alcanar,43004
MONTCAU-LA MOLA,Privat,"Pg. del Pla, s/n",8230,Vallès Occidental,40,Matadepera,8120
TURBULA,Privat,"Ctra. de Mataró, 26",8930,Barcelonès,13,Sant Adrià de Besòs,8194
SANTISSIMA TRINITAT,Privat,"Ctra. d'Esplugues, 62-70",8034,Barcelonès,13,Barcelona,8019
INST.BERENGUER D'ENTENÇA,Públic,"C. Ramon Berenguer IV, 7",43890,Baix Camp,8,Vandellòs i l'Hospitalet de l'Infant,43162
INST.VICENÇ PLANTADA,Públic,"C. Palau de Plegamans, 8",8100,Vallès Oriental,41,Mollet del Vallès,8124
INST.VALLÈS,Públic,"C. Valentí Almirall, s/n",8206,Vallès Occidental,40,Sabadell,8187
INST.MONTSORIU,Públic,"Av. Dr. Carulla, s/n",17401,Selva,34,Arbúcies,17009
INST.M E.MUNICIPAL DEL TREBALL,Públic,"C. Roger de Flor, 66",8401,Vallès Oriental,41,Granollers,8096
INST.DANIEL BLANXART I PEDRALS,Públic,"C. Vall d'Aran, 96-98",8640,Baix Llobregat,11,Olesa de Montserrat,8147
INST.LLIÇÀ D'AMUNT,Públic,"C. Jaume I, 32-34",8186,Vallès Oriental,41,Lliçà d'Amunt,8107
ESCOLA ELISABETH,Privat,"C. Miquel Martí i Pol, 1",43840,Tarragonès,36,Salou,43905
INST.PREMIÀ DE MAR,Públic,"C. Rafael de Casanova, s/n",8330,Maresme,21,Premià de Mar,8172
INST.CASSÀ DE LA SELVA,Públic,"C. Josep Pla, s/n",17244,Gironès,20,Cassà de la Selva,17044
INST.JOAQUIM BLUME,Públic,"C. Sant Mateu, 27-37",8950,Baix Llobregat,11,Esplugues de Llobregat,8077
INST.CASTELL DEL QUER,Públic,"C. Mateu Garreta, s/n",8513,Osona,24,Prats de Lluçanès,8171
"JOVIAT, ESCOLA",Privat,"C. Rubió i Ors, 5-17",8240,Bages,7,Manresa,8113
INST.CAMÍ DE MAR,Públic,"C. Jaume Pallarès, s/n",43820,Baix Penedès,12,Calafell,43037
INST.HUG ROGER III,Públic,"C. Joaquim Sostres, s/n",25560,Pallars Sobirà,26,Sort,25209
INST.RAMON BERENGUER IV-AMP.,Públic,"Av. Mestre J. Sunyer, 1-37",43870,Montsià,22,Amposta,43014
LA SALLE MANLLEU,Privat,"C. Enric Delaris, 68",8560,Osona,24,Manlleu,8112
INST.OLIVAR GRAN,Públic,"Av. Maria Àngels Anglada, 11",17600,Alt Empordà,2,Figueres,17066
INST.FORAT DEL VENT,Públic,"Pizarro, 35",8290,Vallès Occidental,40,Cerdanyola del Vallès,8266
SANT PAU APÒSTOL,Privat,"Pg. Torroja, 1",43007,Tarragonès,36,Tarragona,43148
INST.JOAQUIM MIR,Públic,"Av. Vilafranca, s/n",8800,Garraf,17,Vilanova i la Geltrú,8307
INST.INFANTA ISABEL D'ARAGÓ,Públic,"Pl. d'Angeleta Ferrer, 1",8020,Barcelonès,13,Barcelona,8019
INST.LA BISBAL,Públic,"C. Eusebi Díaz Costa, 16-38",17100,Baix Empordà,10,La Bisbal d'Empordà,17022
INST.GELIDA,Públic,"C. de Joan Pascual i Batlle, 1-15",8790,Alt Penedès,3,Gelida,8091
INST.ELS PLANELLS,Públic,"Ctra. Montsonis, s/n",25730,Noguera,23,Artesa de Segre,25034
INST.JOAN COROMINES-BARCELONA,Públic,"Ctra. de la Bordeta, 39-41",8014,Barcelonès,13,Barcelona,8019
INST.PONT DE SUERT,Públic,"Barri Aragó, s/n",25520,Alta Ribagorça,5,El Pont de Suert,25173
INST.DR. PUIGVERT,Públic,"Pg. de Santa Coloma, 46-54",8030,Barcelonès,13,Barcelona,8019
INST.JOAQUIM RUBIO I ORS-S.BOI,Públic,"C. Pau Claris, 4",8830,Baix Llobregat,11,Sant Boi de Llobregat,8200
INST.JOSEP LLADONOSA,Públic,"C. Jeroni Pujades, 16",25005,Segrià,33,Lleida,25120
INST.SANTA COLOMA DE FARNERS,Públic,"Av. Salvador Espriu, s/n",17430,Selva,34,Santa Coloma de Farners,17180
VEDRUNA-TÀRREGA,Privat,"C. Mare Vedruna, s/n",25300,Urgell,38,Tàrrega,25217
SIL,Privat,"Av. Tibidabo, 26-28",8022,Barcelonès,13,Barcelona,8019
INST.C.A.R.,Públic,"Av. Alcalde Barnils, s/n",8174,Vallès Occidental,40,Sant Cugat del Vallès,8205
SALESIÀ DE SANT JOSEP,Privat,"C. Rocafort, 42",8015,Barcelonès,13,Barcelona,8019
INST.PERE CALDERS,Públic,Campus U.A.B.,8193,Vallès Occidental,40,Cerdanyola del Vallès,8266
INST.BADALONA VII,Públic,"C. Ausiàs March, 86",8912,Barcelonès,13,Badalona,8015
INST.ALT BERGUEDÀ,Públic,"Av. Salarich, 29",8695,Berguedà,14,Bagà,8016
INST.SANTA EULÀLIA-HOSPITALET,Públic,"Pl. Pius XII, s/n",8902,Barcelonès,13,L'Hospitalet de Llobregat,8101
INST.TREMP,Públic,"C. Bisbe Iglesias, 5",25620,Pallars Jussà,25,Tremp,25234
VEDRUNA-GIRONA,Privat,"Ctra. Barcelona, 21",17002,Gironès,20,Girona,17079
SANT GABRIEL-SANT ADRIÀ,Privat,"C. Ricart, 8-14",8930,Barcelonès,13,Sant Adrià de Besòs,8194
"LA PRESENTACIO,COL·LEGI-ARENYS",Privat,"C. Pompeu Fabra, 2",8350,Maresme,21,Arenys de Mar,8006
INST.THALASSA,Públic,"Av. de la Unió , s/n",8390,Maresme,21,Montgat,8126
INST.MONTSERRAT ROIG-S.ANDREU,Públic,"Pg. Rafael Casanova, 2-12",8740,Baix Llobregat,11,Sant Andreu de la Barca,8196
INST.PRÍNCEP DE GIRONA,Públic,"Travessera de Gràcia, 357",8025,Barcelonès,13,Barcelona,8019
INST.ERMENGOL IV,Públic,"C. Enric Servet, s/n",25337,Noguera,23,Bellcaire d'Urgell,25047
INST.VESCOMTAT DE CABRERA,Públic,"Pl. Catalunya, 1",17850,Selva,34,Hostalric,17083
FEDAC-AMILCAR,Privat,"C. Amílcar, 10",8031,Barcelonès,13,Barcelona,8019
INST.LACETÀNIA,Públic,"Av. Bases de Manresa, 51-59",8240,Bages,7,Manresa,8113
INST.VINYET,Públic,"C. Mestre Manel Torrens Girona, 2-6",8870,Garraf,17,Sitges,8270
INST.LLOBREGAT-SALLENT,Públic,"C. Estació, 11-21",8650,Bages,7,Sallent,8191
SANT JOSEP - TERESIANES,Privat,"C. Nàpols, 359/Trav Gracia, 256-262",8025,Barcelonès,13,Barcelona,8019
INST.MAREMAR,Públic,"Av. Cusí Fortunet, 52",8320,Maresme,21,El Masnou,8118
INST.CIRVIANUM DE TORELLO,Públic,C. Ausiàs March-Molina A. correus 69,8570,Osona,24,Torelló,8285
INST.JAUME MIMÓ,Públic,"C. Serra dels Galliners, s/n",8290,Vallès Occidental,40,Cerdanyola del Vallès,8266
INST.JAUME SALVADOR I PEDROL,Públic,"C. Sant Martí de l'Erm, 4",8970,Baix Llobregat,11,Sant Joan Despí,8217
INST.PERE FONTDEVILA,Públic,"Pont de les Eres, 4",8680,Berguedà,14,Gironella,8092
SANT JOSEP - REUS,Privat,"C. Raval Robuster, 30",43204,Baix Camp,8,Reus,43123
INST.M LA VALL DE TENES,Públic,"Camí de la Rovira, s/n",8187,Vallès Oriental,41,Santa Eulàlia de Ronçana,8248
MARISTES GIRONA,Privat,"Av. Josep Tarradellas, 5-7",17005,Gironès,20,Girona,17079
INST.ITACA,Públic,"C. Bonaventura Calopa, 15-21",8830,Baix Llobregat,11,Sant Boi de Llobregat,8200
GOAR,Privat,"C. Circumval·lació, 50",8840,Baix Llobregat,11,Viladecans,8301
INST.RAFAEL DE CAMPALANS,Públic,"Pl. del Remei, s/n",17160,Selva,34,Anglès,17008
INST.LA ROCA DEL VALLÈS,Públic,"Pl. Sant Jordi, s/n (APl. correus 128)",8430,Vallès Oriental,41,La Roca del Vallès,8181
INST.JOAQUIMA PLA I FARRERAS,Públic,"Av. Ragull, 45-49",8190,Vallès Occidental,40,Sant Cugat del Vallès,8205
INST.BANÚS,Públic,"C. Sant Casimir, 16",8290,Vallès Occidental,40,Cerdanyola del Vallès,8266
DOMINIQUES L'ENSENYAMENT BCN,Privat,"C. Mallorca, 349",8013,Barcelonès,13,Barcelona,8019
INST.M JOSEP SERRAT I BONASTRE,Públic,"C. Marquès de Santa Anna, 4",8023,Barcelonès,13,Barcelona,8019
INST.MONTSACOPA,Públic,"Av. Joan de Cabirol, s/n",17800,Garrotxa,19,Olot,17114
SANT NICOLAU,Privat,"C. Jardí, 72-74",8202,Vallès Occidental,40,Sabadell,8187
LES ALZINES,Privat,"C. La Creu de Palau, s/n",17003,Gironès,20,Girona,17079
INST.GALLECS,Públic,"Pg. Cesc Bas, 3",8100,Vallès Oriental,41,Mollet del Vallès,8124
FEDAC-LLEIDA,Privat,"C. Vallcalent, 42",25006,Segrià,33,Lleida,25120
INST.MIG-MON,Públic,"C. Ramon i Cajal, 9-11",8260,Bages,7,Súria,8274
LA SALLE BARCELONETA,Privat,"C. Balboa, 18-20",8003,Barcelonès,13,Barcelona,8019
ÀGORA MASIA BACH. C.E.,Privat,"C. Puig de Mira, 15-21",8635,Baix Llobregat,11,Sant Esteve Sesrovires,8208
LA SALLE-MOLLERUSSA,Privat,"C. Ferrer i Busquets, 17",25230,Pla d'Urgell,27,Mollerussa,25137
INST.SERRA DE MIRAMAR,Públic,"Pl. del Quarter, s/n",43800,Alt Camp,1,Valls,43161
INST.EL CALAMOT,Públic,"Av. Joan Carles I, 62",8850,Baix Llobregat,11,Gavà,8089
INST.ROVIRA-FORNS,Públic,"C. Tierno Galvan, 77",8130,Vallès Occidental,40,Santa Perpètua de Mogoda,8260
"PIVE, COL.LEGI",Privat,"C. Joan Llusà, 39",8551,Osona,24,Tona,8283
INST.ARQUITECTE M.RASPALL,Públic,"Av. Mare de Déu de Montserrat, s/n",8440,Vallès Oriental,41,Cardedeu,8046
INST.ERNEST LLUCH I MARTÍN,Públic,"Av. del Castell, s/n",43881,Baix Penedès,12,Cunit,43051
INST.CAP NORFEU,Públic,"C. Ponent, s/n",17480,Alt Empordà,2,Roses,17152
"BETLEM, ESCOLES",Privat,"Ctra. del Ramal, 1",8338,Maresme,21,Premià de Dalt,8230
"SANT ANTONI DE PADUA, COL.LEGI",Privat,"Av. Puig i Cadafalch, 80",8303,Maresme,21,Mataró,8121
INST.TARADELL,Públic,"C. Pompeu Fabra, 12",8552,Osona,24,Taradell,8278
INST.JOSEP PUIG I CADAFALCH,Públic,"C. Sant Josep de Calassanç, 16",8303,Maresme,21,Mataró,8121
INST.MEDITERRÀNIA-CASTELLDEFEL,Públic,"Ctra. de la Sentiu, 2",8860,Baix Llobregat,11,Castelldefels,8056
ANNA RAVELL,Privat,"C. Blasco de Garay, 52",8004,Barcelonès,13,Barcelona,8019
INST.CANIGÓ,Públic,"C. Canigó, s/n",25100,Segrià,33,Almacelles,25019
INST.VENTURA GASSOL,Públic,"Av. Mónaco, 36-50",8917,Barcelonès,13,Badalona,8015
INST.PUIG  CASTELLAR,Públic,"C. Anselm Rius, 10",8924,Barcelonès,13,Santa Coloma de Gramenet,8245
INST.JOANOT MARTORELL,Públic,"C. Sant Mateu, 30-32",8950,Baix Llobregat,11,Esplugues de Llobregat,8077
INST.PUIG DE LA CREU,Públic,"C. Alemanya, 34",8211,Vallès Occidental,40,Castellar del Vallès,8051
